Pickup Radiator,http://localhost:5000/PickupRadiator
Into Nard,http://localhost:5000/IntoNard
Nocturnal Exhibit,http://localhost:5000/NocturnalExhibit
Fetal Granola,http://localhost:5000/FetalGranola
Hump Bazooka,http://localhost:5000/HumpBazooka
Solstice Construction,http://localhost:5000/SolsticeConstruction
Unemployed Wire,
Landing Under Officer,http://localhost:5000/
Involuntary Puzzle,http://localhost5000/Involuntary Puzzle
Heroin Inside Gang,localhost:5000/Heroin Inside Gang
Skanking Prose,http://localhost:5000/SkankingProse
Gothic Tangerine,
Shivering Feeling,http://localhost:5000/ShiveringFeeling
Former Physics,http://localhost:5000/////////
Practical Notice And The Parlor,http://localhost:5000/PracticalNotice
,http://localhost:5000/Fork
Warfare Blister,http://localhost:5000/WarfareBlister
Engine Of The Stopping Deliver,htp://localhost:5000/
Saturday Foster,http://localhost:5000/SaturdayFoster
Bad High,http://localhost:5000/BadHigh